,range,frequency,expected_frequency,O-E,(O-E)^2/E
0,"(0, 17]",198,199.55469556647546,-1.5546955664754591,0.012112359960045511
1,"(17, 34]",74,66.81444049104647,7.185559508953531,0.7727710518451703
2,"(34, 51]",20,22.370656052262568,-2.370656052262568,0.25122240961550774
3,"(51, 68]",5,7.49009119182394,-2.4900911918239403,0.827834265938924
4,"(68, 85]",1,2.5078149666587213,-1.5078149666587213,0.9065684685298527
5,"(85, 102]",1,0.8396607926299482,0.1603392073700518,0.030617913383252003
6,"(102, 119]",1,0.2811332797886989,0.718866720211301,1.8381650219986736
