,range,frequency,expected_frequency,O-E,(O-E)^2/E
0,"(0, 11]",196,196.26991699330145,-0.26991699330145025,0.0003711989304778767
1,"(11, 22]",70,67.86364927144331,2.1363507285566925,0.06725241693309908
2,"(22, 33]",24,23.465006573547644,0.5349934264523561,0.012197651232277482
3,"(33, 44]",7,8.113423598756079,-1.1134235987560785,0.15279765627632277
4,"(44, 55]",1,2.8053536778915844,-1.8053536778915844,1.161814971125587
5,"(55, 66]",1,0.9699985662361368,0.030001433763863217,0.0009279251116628501
6,"(66, 77]",1,0.33539343930684345,0.6646065606931566,1.3169663706876624
